iteration,algorithm,threads,read_prop,value_size,txn_size,num_clients,num_servers,num_key,zipfian_constant,throughput,average_latency,read_latency,write_latency,99th_latency,95th_latency
0,READ_ATOMIC_LORA,1000,0.95,1,16,5,5,1000000,0,5196.009212591519,58.176076029942465,57.97747473362235,61.93109943190321,58.176076029942465,87.7506714052758
0,READ_ATOMIC_LORA,1000,0.95,1,16,10,10,1000000,0,6715.749455583184,89.96125219610019,89.05276284347671,107.25255107950022,89.96125219610019,89.96125219610019
0,READ_ATOMIC_LORA,1000,0.95,1,16,15,15,1000000,0,8962.57268651775,101.14168822332459,99.74080881998503,127.69547295589179,101.14168822332459,101.14168822332459
0,READ_ATOMIC_LORA,1000,0.95,1,16,20,20,1000000,0,11076.367466936228,109.11322199032683,107.23505919028267,144.78679274024498,109.11322199032683,109.11322199032683
0,READ_ATOMIC_LORA,1000,0.95,1,16,25,25,1000000,0,12898.773648768805,117.67618145819164,115.35452307041658,161.78081622469625,117.67618145819164,117.67618145819164
