iteration,algorithm,threads,read_prop,value_size,txn_size,num_clients,num_servers,num_key,zipfian_constant,throughput,average_latency,read_latency,write_latency,99th_latency,95th_latency
0,READ_ATOMIC_LIST,1000,0.95,1,16,5,5,1000000,0,4745.270484358886,63.63781769269523,61.08871050226098,112.10772316631592,63.63781769269523,63.63781769269523
0,READ_ATOMIC_LIST,1000,0.95,1,16,10,10,1000000,0,6999.5994367027115,86.26912811435335,82.73939390107093,153.4978321789292,86.26912811435335,86.26912811435335
0,READ_ATOMIC_LIST,1000,0.95,1,16,15,15,1000000,0,9088.941733226453,99.55657201443871,95.47051614215586,177.13017630540196,99.55657201443869,99.55657201443869
0,READ_ATOMIC_LIST,1000,0.95,1,16,20,20,1000000,0,10859.794059275639,111.3698834129028,106.81741759118404,197.85966575221445,111.3698834129028,111.3698834129028
0,READ_ATOMIC_LIST,1000,0.95,1,16,25,25,1000000,0,12777.320827123103,118.22117323275681,113.39915186931938,209.62947441455228,118.22117323275681,118.22117323275681
