algorithm,threads,read_prop,value_size,txn_size,num_clients,num_servers,num_key,distribution,zipfian_constant,throughput,average_latency,read_latency,write_latency,99th_latency,95th_latency
READ_ATOMIC_FASTOPW,1000,0.0,1,16,5,5,1000000,zipfian,0.99,1.444447435269844,0.693933309193851,0,0.693933309193851,0.693933309193851,0.693933309193851
READ_ATOMIC_FASTOPW,1000,0.3,1,16,5,5,1000000,zipfian,0.99,1.4047595423009414,0.6983464101915128,1.1466139328337497,0.5982955366170735,0.6983464101915128,0.6983464101915128
READ_ATOMIC_FASTOPW,1000,0.5,1,16,5,5,1000000,zipfian,0.99,1.4196217835444855,0.6953329837441007,1.0007546030787806,0.5328778135048232,0.6953329837441007,0.6953329837441007
READ_ATOMIC_FASTOPW,1000,0.7,1,16,5,5,1000000,zipfian,0.99,1.0231393881349133,0.9891387063299895,1.2468586387434555,0.6677392277560157,0.9891387063299895,0.9891387063299895
READ_ATOMIC_FASTOPW,1000,0.95,1,16,5,5,1000000,zipfian,0.99,1.1202445875593967,0.8901205993421852,0.9288256227758006,0.4956805659478948,0.8901205993421852,0.8901205993421852
