algorithm,threads,read_prop,value_size,txn_size,num_clients,num_servers,num_key,distribution,zipfian_constant,throughput,average_latency,read_latency,write_latency,99th_latency,95th_latency
READ_ATOMIC_CONST_ORT,1000,0.0,1,16,5,5,1000000,zipfian,0.99,1.6301219797706135,0.6122321340399618,0,0.6122321340399618,0.6122321340399618,0.6122321340399618
READ_ATOMIC_CONST_ORT,1000,0.3,1,16,5,5,1000000,zipfian,0.99,1.5670364583232985,0.6280266599173204,1.0244240910352482,0.5395421060234002,0.6280266599173204,0.6280266599173204
READ_ATOMIC_CONST_ORT,1000,0.5,1,16,5,5,1000000,zipfian,0.99,1.4886491355141647,0.6711064499213425,0.9633262903712646,0.5156350482315112,0.6711064499213425,0.6711064499213425
READ_ATOMIC_CONST_ORT,1000,0.7,1,16,5,5,1000000,zipfian,0.99,1.4446412333673504,0.6922864060878587,0.8705061082024433,0.47001492258906924,0.6922864060878587,0.6922864060878587
READ_ATOMIC_CONST_ORT,1000,0.95,1,16,5,5,1000000,zipfian,0.99,1.179293971259097,0.8462662930929468,0.8829435688866293,0.473165090810149,0.8462662930929468,0.8462662930929468
