iteration,algorithm,threads,read_prop,value_size,txn_size,num_clients,num_servers,num_key,zipfian_constant,throughput,average_latency,read_latency,write_latency,99th_latency,95th_latency
0,READ_ATOMIC_SMALLOPW,1000,0.95,1,16,5,5,1000000,0,3380.82596485295,89.38060672106289,91.64258420387965,46.29779357653576,89.38060672106289,90.45320222213009
0,READ_ATOMIC_SMALLOPW,1000,0.95,10,16,5,5,1000000,0,3353.2847908590093,90.10294191817191,92.38494617047199,46.729057692730166,90.10294191817191,91.17616899965962
0,READ_ATOMIC_SMALLOPW,1000,0.95,50,16,5,5,1000000,0,3281.7389020476044,92.10988814729642,94.45143917909449,47.64435249305897,92.10988814729643,93.18822690441411
0,READ_ATOMIC_SMALLOPW,1000,0.95,100,16,5,5,1000000,0,3254.3327149788743,92.89620160022965,95.268790357065,47.963006380365115,92.89620160022965,94.03154617961891
0,READ_ATOMIC_SMALLOPW,1000,0.95,500,16,5,5,1000000,0,3184.210545341693,94.90255658671465,97.26089757670113,50.092561971620526,94.90255658671467,96.34789673580536
0,READ_ATOMIC_SMALLOPW,1000,0.95,1000,16,5,5,1000000,0,3143.9123235710554,96.17924680798875,98.59959153918092,50.42194227878124,96.17924680798875,97.61495596302788
