algorithm,threads,read_prop,value_size,txn_size,num_clients,num_servers,num_key,distribution,zipfian_constant,throughput,average_latency,read_latency,write_latency,99th_latency,95th_latency
READ_ATOMIC_CONST_ORT,1000,0.95,1,16,5,5,1000000,zipfian,0.99,1.0449077861763303,0.9544493019320267,0.9543147208121828,0.9592298980747452,0.9544493019320267,0.9544493019320267
READ_ATOMIC_CONST_ORT,1000,0.95,1,16,10,10,1000000,zipfian,0.99,1.0874958052759398,0.920038228735266,0.9196220004247185,0.927491482112436,0.920038228735266,0.920038228735266
READ_ATOMIC_CONST_ORT,1000,0.95,1,16,15,15,1000000,zipfian,0.99,1.040571178690392,0.959552495697074,0.9593573682700584,0.9628745943882421,0.959552495697074,0.959552495697074
READ_ATOMIC_CONST_ORT,1000,0.95,1,16,20,20,1000000,zipfian,0.99,1.0780793464441043,0.9277703381319048,0.9272803347280335,0.9372216152617867,0.9277703381319048,0.9277703381319048
READ_ATOMIC_CONST_ORT,1000,0.95,1,16,25,25,1000000,zipfian,0.99,1.0871534140156291,0.9202430395323796,0.9197170101507228,0.9291108028972106,0.9202430395323796,0.9202430395323796
