algorithm,threads,read_prop,value_size,txn_size,num_clients,num_servers,num_key,distribution,zipfian_constant,throughput,average_latency,read_latency,write_latency,99th_latency,95th_latency
READ_ATOMIC_LORA,1000,0.95,1,16,5,5,1000000,zipfian,0.99,0.9917120998398093,1.005923000987167,1.001269035532995,1.0961211778029445,1.005923000987167,1.005923000987167
READ_ATOMIC_LORA,1000,0.95,1,16,10,10,1000000,zipfian,0.99,0.985408401452534,1.0155038759689923,1.003610108303249,1.2414821124361157,1.0155038759689923,1.0155038759689923
READ_ATOMIC_LORA,1000,0.95,1,16,15,15,1000000,zipfian,0.99,1.0202286514316359,0.9784853700516352,0.9621306301998662,1.287936629127696,0.9784853700516352,0.9784853700516352
READ_ATOMIC_LORA,1000,0.95,1,16,20,20,1000000,zipfian,0.99,1.0530609351479863,0.9496986943421493,0.9315481171548117,1.2963274224724768,0.9496986943421493,0.9496986943421493
READ_ATOMIC_LORA,1000,0.95,1,16,25,25,1000000,zipfian,0.99,1.030670464003704,0.9713890170742961,0.9506305752076285,1.3648482046540298,0.9713890170742961,0.9713890170742961
