algorithm,threads,read_prop,value_size,txn_size,num_clients,num_servers,num_key,distribution,zipfian_constant,throughput,average_latency,read_latency,write_latency,99th_latency,95th_latency
READ_ATOMIC_NOC,1000,0.95,1,16,5,5,1000000,zipfian,0.99,0.9236899689317111,1.0805246086588636,0.9812464749012972,2.9807474518686297,1.0805246086588636,1.0805246086588636
READ_ATOMIC_NOC,1000,0.95,1,16,10,10,1000000,zipfian,0.99,0.9536276909081768,1.0508654560900499,0.93533658950945,3.257240204429302,1.0508654560900499,1.0508654560900499
READ_ATOMIC_NOC,1000,0.95,1,16,15,15,1000000,zipfian,0.99,0.9002575882726613,1.1105373876458213,0.9843167256383285,3.4994273716358086,1.1105373876458213,1.1105373876458213
READ_ATOMIC_NOC,1000,0.95,1,16,20,20,1000000,zipfian,0.99,0.8895690582439715,1.1276364245061934,0.9768200836820085,4.0114295318934365,1.1276364245061934,1.1276364245061934
READ_ATOMIC_NOC,1000,0.95,1,16,25,25,1000000,zipfian,0.99,0.866803479955166,1.1568220273804029,0.9933866502614581,4.262598243180768,1.1568220273804029,1.1568220273804029
