algorithm,threads,read_prop,value_size,txn_size,num_clients,num_servers,num_key,distribution,zipfian_constant,throughput,average_latency,read_latency,write_latency,99th_latency,95th_latency
READ_ATOMIC_STAMP,1000,0.95,1,16,5,5,1000000,zipfian,0.99,0.5740328259826212,1.7400930757297983,1.7401297236322617,1.7422140430351074,1.7400930757297983,1.7400930757297983
READ_ATOMIC_STAMP,1000,0.95,1,16,10,10,1000000,zipfian,0.99,0.6033256459971817,1.6575672000836732,1.6571159677925338,1.6702071721526972,1.6575672000836732,1.6575672000836732
READ_ATOMIC_STAMP,1000,0.95,1,16,15,15,1000000,zipfian,0.99,0.6227922538644527,1.6067880794701987,1.6063643888531223,1.6145344017684444,1.6067880794701987,1.6067880794701987
READ_ATOMIC_STAMP,1000,0.95,1,16,20,20,1000000,zipfian,0.99,0.6385743750452969,1.567216595883698,1.566889905259719,1.5745115670726724,1.567216595883698,1.567216595883698
READ_ATOMIC_STAMP,1000,0.95,1,16,25,25,1000000,zipfian,0.99,0.6216330138040054,1.6085122699386503,1.6080055210489992,1.616754971972664,1.6085122699386503,1.6085122699386503
