algorithm,threads,read_prop,value_size,txn_size,num_clients,num_servers,num_key,distribution,zipfian_constant,throughput,average_latency,read_latency,write_latency,99th_latency,95th_latency
READ_ATOMIC_LIST,1000,0.95,1,16,5,5,1000000,zipfian,0.99,0.8510568177113969,1.1716260047948104,1.1218274111675126,2.1190543601359004,1.1716260047948104,1.1716260047948104
READ_ATOMIC_LIST,1000,0.95,1,16,10,10,1000000,zipfian,0.99,0.9583704086528437,1.0441754274184984,1.0003185389679337,1.882879045996593,1.0441754274184984,1.0441754274184984
READ_ATOMIC_LIST,1000,0.95,1,16,15,15,1000000,zipfian,0.99,0.9684337934794932,1.0313635494358386,0.9893851008893564,1.8263027295285361,1.0313635494358386,1.0313635494358386
READ_ATOMIC_LIST,1000,0.95,1,16,20,20,1000000,zipfian,0.99,1.0450426580893142,0.9568128557080682,0.9178242677824269,1.702664089419279,0.9568128557080682,0.9568128557080682
READ_ATOMIC_LIST,1000,0.95,1,16,25,25,1000000,zipfian,0.99,1.0376569674568832,0.9642362713428703,0.9251768686557983,1.7068885806749885,0.9642362713428703,0.9642362713428703
