algorithm,threads,read_prop,value_size,txn_size,num_clients,num_servers,num_key,distribution,zipfian_constant,throughput,average_latency,read_latency,write_latency,99th_latency,95th_latency
READ_ATOMIC_LORA,1000,0.95,1,16,5,5,1000000,zipfian,0.99,4237.233125,71.33,71.01,77.43,71.33,71.33
READ_ATOMIC_LORA,1000,0.95,1,16,10,10,1000000,zipfian,0.99,6320.7125,95.63,94.52,116.60,95.63,95.63
READ_ATOMIC_LORA,1000,0.95,1,16,15,15,1000000,zipfian,0.99,8858.3425,102.33,100.61,134.95,102.33,102.33
READ_ATOMIC_LORA,1000,0.95,1,16,20,20,1000000,zipfian,0.99,10649.265625,113.47,111.32,154.25,113.47,113.47
READ_ATOMIC_LORA,1000,0.95,1,16,25,25,1000000,zipfian,0.99,11975.923125,126.30,123.62,177.13,126.30,126.30
