algorithm,threads,read_prop,value_size,txn_size,num_clients,num_servers,num_key,distribution,zipfian_constant,throughput,average_latency,read_latency,write_latency,99th_latency,95th_latency
READ_ATOMIC_STAMP,1000,0.95,1,16,5,5,1000000,zipfian,0.99,0.5788301121619311,1.729847189120987,1.737924236023095,1.5894356192690169,1.729847189120987,1.729847189120987
READ_ATOMIC_STAMP,1000,0.95,1,16,10,10,1000000,zipfian,0.99,0.6035602196746016,1.6572205374882358,1.6765763859500635,1.3620926243567753,1.6572205374882358,1.6572205374882358
READ_ATOMIC_STAMP,1000,0.95,1,16,15,15,1000000,zipfian,0.99,0.6038005186211258,1.7718835581701997,1.800247371675943,1.3650806011992835,1.7718835581701997,1.7718835581701997
READ_ATOMIC_STAMP,1000,0.95,1,16,20,20,1000000,zipfian,0.99,0.6091662482196378,1.643315920184979,1.6774503803444958,1.1854382077794192,1.643315920184979,1.643315920184979
READ_ATOMIC_STAMP,1000,0.95,1,16,25,25,1000000,zipfian,0.99,0.6058931432443648,1.651314753582113,1.6875905359729597,1.1731765754722239,1.651314753582113,1.651314753582113
