algorithm,threads,read_prop,value_size,txn_size,num_clients,num_servers,num_key,distribution,zipfian_constant,throughput,average_latency,read_latency,write_latency,99th_latency,95th_latency
READ_ATOMIC_FASTOPW,1000,0.95,1,16,5,5,1000000,zipfian,0.99,1.008357163496875,0.9941118743866536,0.9987325728770595,0.912307890998321,0.9941118743866536,0.9941118743866536
READ_ATOMIC_FASTOPW,1000,0.95,1,16,10,10,1000000,zipfian,0.99,1.000388801104306,0.9997908606085957,1.0117435463393991,0.8155231560891939,0.9997908606085957,0.9997908606085957
READ_ATOMIC_FASTOPW,1000,0.95,1,16,15,15,1000000,zipfian,0.99,0.96950550504525,1.1027487574804746,1.1206967635539065,0.8454948991511564,1.1027487574804746,1.1027487574804746
READ_ATOMIC_FASTOPW,1000,0.95,1,16,20,20,1000000,zipfian,0.99,0.9539472174661361,1.0485569923781795,1.0705604616595261,0.752892663712457,1.0485569923781795,1.0485569923781795
READ_ATOMIC_FASTOPW,1000,0.95,1,16,25,25,1000000,zipfian,0.99,0.974679802696896,1.026609982679893,1.0494929985514243,0.7256365966456789,1.026609982679893,1.026609982679893
