algorithm,threads,read_prop,value_size,txn_size,num_clients,num_servers,num_key,distribution,zipfian_constant,throughput,average_latency,read_latency,write_latency,99th_latency,95th_latency
READ_ATOMIC_NOC,1000,0.95,1,16,5,5,1000000,zipfian,0.99,0.9314093970224969,1.074162344034768,0.9800028165047177,2.719359421412889,1.074162344034768,1.074162344034768
READ_ATOMIC_NOC,1000,0.95,1,16,10,10,1000000,zipfian,0.99,0.9677486913065576,1.0348217086688278,0.931972069403301,2.623670668953688,1.0348217086688278,1.0348217086688278
READ_ATOMIC_NOC,1000,0.95,1,16,15,15,1000000,zipfian,0.99,0.9087401639568199,1.1780099401562025,1.0609152752009896,2.855462970173663,1.1780099401562025,1.1780099401562025
READ_ATOMIC_NOC,1000,0.95,1,16,20,20,1000000,zipfian,0.99,0.8691066294810363,1.1538066284148325,1.0206347818483867,2.9377154111275234,1.1538066284148325,1.1538066284148325
READ_ATOMIC_NOC,1000,0.95,1,16,25,25,1000000,zipfian,0.99,0.8465217711052861,1.1841442292552353,1.0395943988411396,3.082409316320277,1.1841442292552353,1.1841442292552353
