algorithm,threads,read_prop,value_size,txn_size,num_clients,num_servers,num_key,distribution,zipfian_constant,throughput,average_latency,read_latency,write_latency,99th_latency,95th_latency
READ_ATOMIC_LIST,1000,0.95,1,16,5,5,1000000,zipfian,0.99,0.8581692386821412,1.1647273237067153,1.1204055766793408,1.9332300142063799,1.1647273237067153,1.1647273237067153
READ_ATOMIC_LIST,1000,0.95,1,16,10,10,1000000,zipfian,0.99,0.9725616376318336,1.0282338178395902,0.9967202708421498,1.51663807890223,1.0282338178395902,1.0282338178395902
READ_ATOMIC_LIST,1000,0.95,1,16,15,15,1000000,zipfian,0.99,0.9492321080382701,1.054040848236099,1.028327204055263,1.4180066691367175,1.054040848236099,1.054040848236099
READ_ATOMIC_LIST,1000,0.95,1,16,20,20,1000000,zipfian,0.99,0.9923857425614735,1.007490966775359,0.9852676967301475,1.313452188006483,1.007490966775359,1.007490966775359
READ_ATOMIC_LIST,1000,0.95,1,16,25,25,1000000,zipfian,0.99,1.0067786006266637,0.9926365795724467,0.9732243973467076,1.2506068988878225,0.9926365795724467,0.9926365795724467
