algorithm,threads,read_prop,value_size,txn_size,num_clients,num_servers,num_key,distribution,zipfian_constant,throughput,average_latency,read_latency,write_latency,99th_latency,95th_latency
READ_ATOMIC_CONST_ORT,1000,0.95,1,16,5,5,1000000,zipfian,0.99,1.0536402513845635,0.9488293845506801,0.9531051964512041,0.8751130052951053,0.9488293845506801,0.9488293845506801
READ_ATOMIC_CONST_ORT,1000,0.95,1,16,10,10,1000000,zipfian,0.99,1.1035990800087807,0.9059918435637353,0.9163140076174355,0.7470840480274443,0.9059918435637353,0.9059918435637353
READ_ATOMIC_CONST_ORT,1000,0.95,1,16,15,15,1000000,zipfian,0.99,1.0199391844467516,0.980650835532102,0.9971175827452539,0.7476102260096332,0.980650835532102,0.980650835532102
READ_ATOMIC_CONST_ORT,1000,0.95,1,16,20,20,1000000,zipfian,0.99,1.0237578002004246,0.9769101965277165,0.9954186130075459,0.7229821717990276,0.9769101965277165,0.9769101965277165
READ_ATOMIC_CONST_ORT,1000,0.95,1,16,25,25,1000000,zipfian,0.99,1.0548021428619518,0.9473475851148061,0.9674809901310467,0.6807429571501158,0.9473475851148061,0.9473475851148061
