algorithm,threads,read_prop,value_size,txn_size,num_clients,num_servers,num_key,distribution,zipfian_constant,throughput,average_latency,read_latency,write_latency,99th_latency,95th_latency
READ_ATOMIC_FASTOPW,1000,0.0,1,16,5,5,1000000,zipfian,0.99,1.2010606934430428,0.827127555224232,0,0.827127555224232,0.827127555224232,0.827127555224232
READ_ATOMIC_FASTOPW,1000,0.3,1,16,5,5,1000000,zipfian,0.99,1.2919537042410312,0.75178238953726,0.7699296463681685,0.7442946990116802,0.75178238953726,0.75178238953726
READ_ATOMIC_FASTOPW,1000,0.5,1,16,5,5,1000000,zipfian,0.99,1.4326650306661484,0.6919584616187444,0.6935104324635256,0.6904129563089101,0.6919584616187444,0.6919584616187444
READ_ATOMIC_FASTOPW,1000,0.7,1,16,5,5,1000000,zipfian,0.99,1.1505718928432884,0.8684929842677519,0.8690548595061428,0.8672925499697154,0.8684929842677519,0.8684929842677519
READ_ATOMIC_FASTOPW,1000,0.95,1,16,5,5,1000000,zipfian,0.99,1.73140945829246,0.576080100914538,0.5762043680517228,0.5741864313292885,0.576080100914538,0.576080100914538
