algorithm,threads,read_prop,value_size,txn_size,num_clients,num_servers,num_key,distribution,zipfian_constant,throughput,average_latency,read_latency,write_latency,99th_latency,95th_latency
READ_ATOMIC_CONST_ORT,1000,0.0,1,16,5,5,1000000,zipfian,0.99,1.355449417966725,0.7297445756660258,0,0.7297445756660258,0.7297445756660258,0.7297445756660258
READ_ATOMIC_CONST_ORT,1000,0.3,1,16,5,5,1000000,zipfian,0.99,1.4411993626292914,0.6760819218019163,0.687881470437497,0.671203953279425,0.6760819218019163,0.6760819218019163
READ_ATOMIC_CONST_ORT,1000,0.5,1,16,5,5,1000000,zipfian,0.99,1.502326594381752,0.6678495016437928,0.6675730795377295,0.6680726969744311,0.6678495016437928,0.6678495016437928
READ_ATOMIC_CONST_ORT,1000,0.7,1,16,5,5,1000000,zipfian,0.99,1.6245719963776422,0.6078479013545526,0.6067388395572315,0.6104784978800727,0.6078479013545526,0.6078479013545526
READ_ATOMIC_CONST_ORT,1000,0.95,1,16,5,5,1000000,zipfian,0.99,1.8226740469183624,0.5476978871018606,0.547741070724592,0.5481049562682216,0.5476978871018606,0.5476978871018606
