algorithm,threads,read_prop,value_size,txn_size,num_clients,num_servers,num_key,distribution,zipfian_constant,throughput,average_latency,read_latency,write_latency,99th_latency,95th_latency
READ_ATOMIC_LORA,1000,0.95,1,16,5,5,1000000,zipfian,0.99,1.7276226287969,0.5780857443877138,0.5753990762498987,0.6291541399203706,0.5780857443877138,0.5780857443877138
READ_ATOMIC_LORA,1000,0.95,1,16,10,10,1000000,zipfian,0.99,1.6568355027425956,0.6034199899040888,0.5964535874297974,0.7341644629139906,0.6034199899040888,0.6034199899040888
READ_ATOMIC_LORA,1000,0.95,1,16,15,15,1000000,zipfian,0.99,1.705599132792789,0.5857805255023184,0.5760334363907019,0.7698670774145701,0.5857805255023184,0.5857805255023184
READ_ATOMIC_LORA,1000,0.95,1,16,20,20,1000000,zipfian,0.99,1.6889277206051296,0.5913283652092345,0.580244983059682,0.800841077825658,0.5913283652092345,0.5913283652092345
READ_ATOMIC_LORA,1000,0.95,1,16,25,25,1000000,zipfian,0.99,1.6612740400162784,0.602145411203814,0.589508822126848,0.8412728568036095,0.602145411203814,0.602145411203814
