algorithm,threads,read_prop,value_size,txn_size,num_clients,num_servers,num_key,distribution,zipfian_constant,throughput,average_latency,read_latency,write_latency,99th_latency,95th_latency
READ_ATOMIC_FASTOPW,1000,0.95,1,16,5,5,1000000,zipfian,0.99,1.742060653566657,0.574681902909474,0.5746697998541448,0.5739822865036158,0.574681902909474,0.574681902909474
READ_ATOMIC_FASTOPW,1000,0.95,1,16,10,10,1000000,zipfian,0.99,1.681369369593713,0.5942074709742555,0.5943080709282514,0.5913612895101373,0.5942074709742555,0.5942074709742555
READ_ATOMIC_FASTOPW,1000,0.95,1,16,15,15,1000000,zipfian,0.99,1.6717812525647138,0.5986604842864502,0.59870605748311,0.5977522961948771,0.5986604842864502,0.5986604842864502
READ_ATOMIC_FASTOPW,1000,0.95,1,16,20,20,1000000,zipfian,0.99,1.603827152099024,0.6226483923080932,0.6228824602554079,0.617776854784279,0.6226483923080932,0.6226483923080932
READ_ATOMIC_FASTOPW,1000,0.95,1,16,25,25,1000000,zipfian,0.99,1.6118382140911995,0.619880810488677,0.6201239866475918,0.616385656613631,0.619880810488677,0.619880810488677
