algorithm,threads,read_prop,value_size,txn_size,num_clients,num_servers,num_key,distribution,zipfian_constant,throughput,average_latency,read_latency,write_latency,99th_latency,95th_latency
READ_ATOMIC_LIST,1000,0.95,1,16,5,5,1000000,zipfian,0.99,1.482592596084675,0.6733122619337061,0.6446803338465279,1.2162996668562607,0.6733122619337061,0.6733122619337061
READ_ATOMIC_LIST,1000,0.95,1,16,10,10,1000000,zipfian,0.99,1.611374649833901,0.6204568399798082,0.5944973812077996,1.1134617806321623,0.6204568399798082,0.6204568399798082
READ_ATOMIC_LIST,1000,0.95,1,16,15,15,1000000,zipfian,0.99,1.6190094602891445,0.6174366019806514,0.5923508530859957,1.091676650122654,0.6174366019806514,0.6174366019806514
READ_ATOMIC_LIST,1000,0.95,1,16,20,20,1000000,zipfian,0.99,1.6760677901453787,0.5957579863463442,0.5716966379984363,1.0518664659155805,0.5957579863463442,0.5957579863463442
READ_ATOMIC_LIST,1000,0.95,1,16,25,25,1000000,zipfian,0.99,1.6725351532649928,0.5977115613825984,0.5737243681449691,1.0521016385656614,0.5977115613825984,0.5977115613825984
