algorithm,threads,read_prop,value_size,txn_size,num_clients,num_servers,num_key,distribution,zipfian_constant,throughput,average_latency,read_latency,write_latency,99th_latency,95th_latency
READ_ATOMIC_CONST_ORT,1000,0.0,1,16,5,5,1000000,zipfian,0.99,1.1285436492648018,0.8822636497319862,0,0.8822636497319862,0.8822636497319862,0.8822636497319862
READ_ATOMIC_CONST_ORT,1000,0.3,1,16,5,5,1000000,zipfian,0.99,1.1155193548331792,0.8993053458169736,0.8934341906202722,0.9017986479961371,0.8993053458169736,0.8993053458169736
READ_ATOMIC_CONST_ORT,1000,0.5,1,16,5,5,1000000,zipfian,0.99,1.1410737035537528,0.8258703071672354,0.8233602629056552,0.8283089486219803,0.8258703071672354,0.8258703071672354
READ_ATOMIC_CONST_ORT,1000,0.7,1,16,5,5,1000000,zipfian,0.99,1.3885950527223594,0.7243007628042136,0.7221858876535134,0.7291273413677944,0.7243007628042136,0.7243007628042136
READ_ATOMIC_CONST_ORT,1000,0.95,1,16,5,5,1000000,zipfian,0.99,1.0527111528638113,0.95073217462707,0.9506020799124247,0.9545766433374502,0.95073217462707,0.95073217462707
