algorithm,threads,read_prop,value_size,txn_size,num_clients,num_servers,num_key,distribution,zipfian_constant,throughput,average_latency,read_latency,write_latency,99th_latency,95th_latency
READ_ATOMIC_LORA,1000,0.0,1,16,5,5,1000000,zipfian,0.99,0.8879150481934134,1.1191119965846021,0,1.1191119965846021,1.1191119965846021,1.1191119965846021
READ_ATOMIC_LORA,1000,0.3,1,16,5,5,1000000,zipfian,0.99,0.8792630093726802,1.1482331621866504,1.1130408472012103,1.1632665379043938,1.1482331621866504,1.1482331621866504
READ_ATOMIC_LORA,1000,0.5,1,16,5,5,1000000,zipfian,0.99,0.8523185072354645,1.1800904977375566,1.16189111747851,1.1981445165183284,1.1800904977375566,1.1800904977375566
READ_ATOMIC_LORA,1000,0.7,1,16,5,5,1000000,zipfian,0.99,1.1467324298203687,0.8661351237935376,0.8535936734551054,0.8953139185697324,0.8661351237935376,0.8661351237935376
READ_ATOMIC_LORA,1000,0.95,1,16,5,5,1000000,zipfian,0.99,1.0145500559757223,0.9861776378814836,0.980432402846196,1.0968848634554687,0.9861776378814836,0.9861776378814836
