algorithm,threads,read_prop,value_size,txn_size,num_clients,num_servers,num_key,distribution,zipfian_constant,throughput,average_latency,read_latency,write_latency,99th_latency,95th_latency
READ_ATOMIC_CONST_ORT,1000,0.95,1,16,5,5,1000000,zipfian,0.99,1.2277767646421351,0.8146364949446318,0.8506787330316743,0.45266884895450604,0.8146364949446318,0.8146364949446318
READ_ATOMIC_CONST_ORT,1000,0.95,1,16,10,10,1000000,zipfian,0.99,1.1347343317962042,0.8811146140547137,0.9193291582634541,0.4925921737163538,0.8811146140547137,0.8811146140547137
READ_ATOMIC_CONST_ORT,1000,0.95,1,16,15,15,1000000,zipfian,0.99,1.0744887112537822,0.9303727053587983,0.9696501063212836,0.5272261705685618,0.9303727053587983,0.9303727053587983
READ_ATOMIC_CONST_ORT,1000,0.95,1,16,20,20,1000000,zipfian,0.99,1.0316127653728435,0.9696466060181945,1.0103026987600292,0.5504442250740376,0.9696466060181945,0.9696466060181945
READ_ATOMIC_CONST_ORT,1000,0.95,1,16,25,25,1000000,zipfian,0.99,1.0477002016187036,0.9543750498524368,0.9940985786717645,0.5443300830624774,0.9543750498524368,0.9543750498524368
