algorithm,threads,read_prop,value_size,txn_size,num_clients,num_servers,num_key,distribution,zipfian_constant,throughput,average_latency,read_latency,write_latency,99th_latency,95th_latency
READ_ATOMIC_FASTOPW,1000,0.95,1,16,5,5,1000000,zipfian,0.99,1.1750096811269675,0.8535146846413095,0.8914027149321266,0.471908611129668,0.8535146846413095,0.8535146846413095
READ_ATOMIC_FASTOPW,1000,0.95,1,16,10,10,1000000,zipfian,0.99,1.043437893085278,0.9576934811349538,0.9996815624668296,0.5311015607328659,0.9576934811349538,0.9576934811349538
READ_ATOMIC_FASTOPW,1000,0.95,1,16,15,15,1000000,zipfian,0.99,1.032595110510438,0.9695902095308734,1.0107287840711385,0.5475543478260869,0.9695902095308734,0.9695902095308734
READ_ATOMIC_FASTOPW,1000,0.95,1,16,20,20,1000000,zipfian,0.99,0.9568987373475576,1.0451364590622814,1.0895331874544127,0.5873149062191511,1.0451364590622814,1.0451364590622814
READ_ATOMIC_FASTOPW,1000,0.95,1,16,25,25,1000000,zipfian,0.99,0.9637096182670329,1.03709021296961,1.0808744077799017,0.5858613217768147,1.03709021296961,1.03709021296961
