algorithm,threads,read_prop,value_size,txn_size,num_clients,num_servers,num_key,distribution,zipfian_constant,throughput,average_latency,read_latency,write_latency,99th_latency,95th_latency
READ_ATOMIC_NOC,1000,0.95,1,16,5,5,1000000,zipfian,0.99,1.0853446558546282,0.9222436206066442,0.8746857717445953,1.4066403901396218,0.9222436206066442,0.9222436206066442
READ_ATOMIC_NOC,1000,0.95,1,16,10,10,1000000,zipfian,0.99,1.0066994471318054,0.9955734406438631,0.9251207729468599,1.711249091010796,0.9955734406438631,0.9955734406438631
READ_ATOMIC_NOC,1000,0.95,1,16,15,15,1000000,zipfian,0.99,0.951060357153965,1.0526602012145383,0.9726894726894728,1.8703835951846564,1.0526602012145383,1.0526602012145383
READ_ATOMIC_NOC,1000,0.95,1,16,20,20,1000000,zipfian,0.99,0.8987942022245117,1.1155916204355385,1.0072482526533781,2.238101936512402,1.1155916204355385,1.1155916204355385
READ_ATOMIC_NOC,1000,0.95,1,16,25,25,1000000,zipfian,0.99,0.8590544526020212,1.1667830269180048,1.0441319107662463,2.4332526940840116,1.1667830269180048,1.1667830269180048
