algorithm,threads,read_prop,value_size,txn_size,num_clients,num_servers,num_key,distribution,zipfian_constant,throughput,average_latency,read_latency,write_latency,99th_latency,95th_latency
READ_ATOMIC_STAMP,1000,0.95,1,16,5,5,1000000,zipfian,0.99,0.6744941278142517,1.4851949927780452,1.5511563599798892,0.8221658093393012,1.4851949927780452,1.4851949927780452
READ_ATOMIC_STAMP,1000,0.95,1,16,10,10,1000000,zipfian,0.99,0.6278528143880479,1.5943661971830985,1.6642512077294687,0.8884040946467527,1.5943661971830985,1.5943661971830985
READ_ATOMIC_STAMP,1000,0.95,1,16,15,15,1000000,zipfian,0.99,0.6319196175826157,1.5833408864316143,1.6505386505386506,0.8941542542338299,1.5833408864316143,1.5833408864316143
READ_ATOMIC_STAMP,1000,0.95,1,16,20,20,1000000,zipfian,0.99,0.629974589444338,1.5888879688664403,1.6554491327983432,0.9031274909738829,1.5888879688664403,1.5888879688664403
READ_ATOMIC_STAMP,1000,0.95,1,16,25,25,1000000,zipfian,0.99,0.6148633387485191,1.6271041812116982,1.694956353055286,0.9261051242577525,1.6271041812116982,1.6271041812116982
