algorithm,threads,read_prop,value_size,txn_size,num_clients,num_servers,num_key,distribution,zipfian_constant,throughput,average_latency,read_latency,write_latency,99th_latency,95th_latency
READ_ATOMIC_LORA,1000,0.95,1,16,5,5,1000000,zipfian,0.99,1.1652713182025296,0.8585700529610014,0.8925339366515838,0.5172690226468034,0.8585700529610014,0.8585700529610014
READ_ATOMIC_LORA,1000,0.95,1,16,10,10,1000000,zipfian,0.99,1.0282124662401637,0.9725414420827825,1.003290521176096,0.6593530875367564,0.9725414420827825,0.9725414420827825
READ_ATOMIC_LORA,1000,0.95,1,16,15,15,1000000,zipfian,0.99,1.0534831170709653,0.9487298349712591,0.9724531219795091,0.7052153010033444,0.9487298349712591,0.9487298349712591
READ_ATOMIC_LORA,1000,0.95,1,16,20,20,1000000,zipfian,0.99,1.0076726791931463,0.9925647305808258,1.0149525893508387,0.7613524185587365,0.9925647305808258,0.9925647305808258
READ_ATOMIC_LORA,1000,0.95,1,16,25,25,1000000,zipfian,0.99,0.9932670394241154,1.0074180425939219,1.0275122599950128,0.7996117732033224,1.0074180425939219,1.0074180425939219
