algorithm,threads,read_prop,value_size,txn_size,num_clients,num_servers,num_key,distribution,zipfian_constant,throughput,average_latency,read_latency,write_latency,99th_latency,95th_latency
READ_ATOMIC_LORA,1000,0.95,1,16,5,5,1000000,zipfian,0.99,1.7693388400068113,0.5650295952647577,0.5622750179985602,0.6174121405750799,0.5650295952647577,0.5650295952647577
READ_ATOMIC_LORA,1000,0.95,1,32,5,5,1000000,zipfian,0.99,2.12848356733848,0.46910475643052163,0.4794121874101754,0.2733003796833584,0.46910475643052163,0.46910475643052163
READ_ATOMIC_LORA,1000,0.95,1,64,5,5,1000000,zipfian,0.99,2.2677242993917583,0.4397432879461797,0.45310350809799377,0.18738500672980749,0.4397432879461797,0.4397432879461797
READ_ATOMIC_LORA,1000,0.95,1,128,5,5,1000000,zipfian,0.99,2.1042865594578606,0.47377348533710834,0.48393445643480193,0.2799828615354888,0.47377348533710834,0.47377348533710834
READ_ATOMIC_LORA,1000,0.95,1,200,5,5,1000000,zipfian,0.99,1.805304400241109,0.5836603280008049,0.5944056495837773,0.3836923344562003,0.5836603280008049,0.5836603280008049
READ_ATOMIC_LORA,1000,0.95,1,256,5,5,1000000,zipfian,0.99,2.322537718403816,0.464336007565284,0.4679996869318423,0.3917046189589851,0.464336007565284,0.464336007565284
