algorithm,threads,read_prop,value_size,txn_size,num_clients,num_servers,num_key,distribution,zipfian_constant,throughput,average_latency,read_latency,write_latency,99th_latency,95th_latency
READ_ATOMIC_FASTOPW,1000,0.95,1,16,5,5,1000000,zipfian,0.99,1.7140994079800598,0.5840665493521037,0.5843532517398607,0.5788338658146964,0.5840665493521037,0.5840665493521037
READ_ATOMIC_FASTOPW,1000,0.95,1,32,5,5,1000000,zipfian,0.99,2.2218022793015075,0.44895099870671074,0.4500215579189422,0.42839744967404536,0.44895099870671074,0.44895099870671074
READ_ATOMIC_FASTOPW,1000,0.95,1,64,5,5,1000000,zipfian,0.99,3.2302354815216345,0.3102721990261792,0.3117634667096247,0.2818739735500043,0.3102721990261792,0.3102721990261792
READ_ATOMIC_FASTOPW,1000,0.95,1,128,5,5,1000000,zipfian,0.99,3.432176332246251,0.2930986823919654,0.2956914276621315,0.2439374782093665,0.2930986823919654,0.2930986823919654
READ_ATOMIC_FASTOPW,1000,0.95,1,200,5,5,1000000,zipfian,0.99,3.7409501890514547,0.279787093426766,0.2838698859825621,0.2011631952681438,0.279787093426766,0.279787093426766
READ_ATOMIC_FASTOPW,1000,0.95,1,256,5,5,1000000,zipfian,0.99,4.5790228643520035,0.23560694443730631,0.2384270634591722,0.18011431890486185,0.23560694443730631,0.23560694443730631
